{
  "train": 2750,
  "val": 589,
  "test": 590,
  "train_tumores": 961,
  "train_sanos": 1789,
  "peso_sano": 0.5068036342440652,
  "peso_tumor": 37.245067567098445,
  "factor_peso_tumor": 1.8616024973985432,
  "timestamp": "2026-05-20T17:53:37.783289"
}